,Country,gdp_per_capita_2012,gdp_per_capita_2013,gdp_per_capita_2014,gdp_per_capita_2015,gdp_per_capita_2016,gdp_per_capita_2017
0,Aruba,24713.6980451285,26189.4355088129,26647.938100985,27980.880695275097,28281.35048163,29007.6930034887
1,Afghanistan,641.8714791575389,637.165523187024,613.856689167623,578.466352941708,547.228110150363,556.30200240406
2,Angola,5100.095808097671,5254.8823379961605,5408.41049555432,4166.97968386501,3506.07288506966,4095.8129415585704
3,Albania,4247.62998374252,4413.06086120676,4578.6319939825,3952.8012152446504,4124.055725953521,4531.0208055598605
4,Andorra,38686.4612635075,39538.7667220426,41303.9293714464,35762.523073758,37474.6654057245,38962.8803536703
5,Arab World,7465.15165094558,7519.80825984063,7457.461109329251,6387.66061493825,6097.23902538074,6102.211066798579
6,United Arab Emirates,40976.499711245495,42412.6302780364,43751.8388860721,38663.3838066363,38141.846758549196,40644.804043392
7,Argentina,13082.664325572,13080.2547323367,12334.7982453893,13789.060424772,12790.2424732447,14591.8633810541
8,Armenia,3681.8574560431,3838.1858014838203,3986.2316237671293,3607.29669672271,3591.8292755302296,3914.5012684128
9,American Samoa,11568.793001239499,11505.393714213898,11507.232349303702,11843.3311832581,11696.9555623329,10823.4448040273
10,Antigua and Barbuda,13272.4413293826,12909.744177500601,13501.5809223367,14286.0931598293,15197.6174551735,15383.4151884998
11,Australia,68012.1479005934,68150.1070413215,62510.7911705641,56755.7217124249,49971.131456129006,54066.4712686117
12,Austria,48567.69528642,50716.708706286394,51717.495940551504,44178.047377743205,45237.805092154296,47549.0790402349
13,Azerbaijan,7496.294647682629,7875.75695254288,7891.31314749986,5500.31038244408,3880.7387308955604,4147.08971569171
14,Burundi,252.35897985834401,256.976002796754,274.85794791384603,305.549772797441,282.193130404814,292.997630684415
15,Belgium,44673.1158755901,46744.6625441516,47700.540360117804,40991.8081381432,41998.335750239,44288.5080403124
16,Benin,1145.14081099947,1251.21051783537,1291.4098081857699,1076.79771601166,1087.28783152256,1136.59284704681
17,Burkina Faso,758.000701423857,787.4701762975501,792.846778432074,653.32697954543,687.670174974205,738.2741589400811
18,Bangladesh,883.1050005413131,981.839879150399,1118.8536634927,1248.45339778371,1401.62046644588,1563.9138569305098
19,Bulgaria,7393.189176915401,7651.817880667601,7874.26090425646,7053.603706387091,7545.790332497991,8331.0580246026
20,Bahrain,23654.3513912828,24744.296958551,24989.4001204704,22688.944399814398,22619.1166718849,23709.430467983
21,"Bahamas, The",29485.6209294138,28768.0298936727,29445.030528852003,31405.9635601781,31588.8349989813,31827.2426989661
22,Bosnia and Herzegovina,4778.63608845506,5131.39450642932,5329.63504488766,4727.277546222071,4994.68314045091,5394.59122017677
23,Belarus,6940.15925359735,7978.872614710759,8318.51268992675,5949.106306997479,5022.62664330491,5761.747120230071
24,Belize,4505.62130177515,4568.5029576385205,4705.60268956266,4775.955648278211,4818.40390879479,4887.5772083381
25,Bermuda,85458.455507886,85748.0654143782,,,,
26,Bolivia,2609.88081915425,2908.20008548078,3081.87883446506,3035.97221489277,3076.6589493424,3351.12403975607
27,Brazil,12370.024200714899,12300.324882275801,12112.5882059697,8814.000986812609,8710.09668954121,9925.38623770041
28,Barbados,16249.5593937258,16451.163575991202,16489.0722373387,16525.0732500596,16900.166552366,17391.4258663397
29,Brunei Darussalam,47740.51490158559,44740.085018517,41726.7839720342,31164.562029114102,27157.8234104784,28572.146777650898
30,Bhutan,2538.94590031276,2472.71430857435,2652.21458893197,2752.66420790266,2930.56298891838,3286.5747028748806
31,Botswana,7070.376550301629,7224.965171507859,7780.638384603941,6799.8752335276795,7243.85299726842,7893.210107711159
32,Central African Republic,565.800696971217,380.298167643018,424.448751343631,377.423001679447,402.191290596004,450.900244979058
33,Canada,52678.3901234772,52652.593682827806,50893.446713754696,43585.5119817751,42322.4847803038,45148.5527061655
34,Central Europe and the Baltics,13015.828716284099,13718.0977494553,14161.90730278,12493.7138218191,12792.514115259099,14198.129857177
35,Switzerland,83538.2300783858,85112.4643984141,86605.5633762421,82081.5971239792,80172.2320747951,80449.9945608366
36,Channel Islands,,,,,,
37,Chile,15351.5513257697,15842.9408052125,14670.996760602,13574.171830723999,13753.5944374598,14999.3700885512
38,China,6316.91886335683,7050.64591988963,7678.5994316609995,8066.94242356745,8147.9381477822,8879.43814888506
39,Cote d'Ivoire,1243.2734867584,1415.87175770634,1561.46365461434,1972.54610769746,2013.3824617989103,2111.02707557541
40,Cameroon,1354.5456127470698,1465.63884316769,1542.62026621531,1327.5030171149199,1364.33011041997,1425.1078180533402
41,"Congo, Dem. Rep.",424.600386118518,457.96372825635,486.787081921552,497.316960805476,471.318840409572,467.0742374648901
42,"Congo, Rep.",3032.49388349185,3047.93077321007,2996.9180257884495,1762.03201773797,1815.2958429403898,1767.89452055028
43,Colombia,8050.0584142075595,8218.03399561565,8114.08406910545,6175.8761315127895,5871.2235753589,6377.851363036651
44,Comoros,1403.34861983706,1505.3494731361402,1513.8303792438,1242.6031895579,1273.05895265459,1323.81158996501
45,Cabo Verde,3447.5240412173,3615.97904131099,3588.6740539538,3043.01398430098,3130.96338461412,3292.6457550859004
46,Costa Rica,9913.20995852366,10490.081331293299,10547.151859355601,11299.135542301101,11666.455910775901,11814.626568766498
47,Caribbean small states,10017.3835886664,10140.1659423388,10202.2747658002,9939.8012060274,9384.91452359792,9557.51749317693
48,Cuba,6497.32111313561,6837.71289192677,7133.34209494342,7694.0119195241,8060.79588647979,8541.2106734664
49,Curacao,20587.397358013,20462.7179539813,20258.0096948833,19951.3279030441,19555.3658492891,19457.5315232205
50,Cayman Islands,72783.32043760401,73515.8953177856,74990.4332223775,76280.4862528245,78296.0999272332,81124.5134794821
51,Cyprus,28912.1569390403,27729.1926990735,27129.6261211298,23333.7149112129,24532.5190588269,26338.694344313597
52,Czech Republic,19729.870511176297,19916.0193873722,19744.5586092159,17715.6168523009,18463.386575656397,20379.8960396417
53,Germany,43858.3630551076,46285.764068840705,47959.9932737599,41139.5445685533,42098.9204453545,44349.589655275704
54,Djibouti,1559.24065068226,2312.72880330353,2464.3278411936103,2658.9787526018104,2802.19705115707,2914.3838563125105
55,Dominica,6848.3942266793,7016.67647144723,7318.1037828994495,7596.43506226258,8080.968623411859,7274.721333329179
56,Denmark,58507.5080517852,61191.1937042028,62548.9847332908,53254.8560039631,54663.9983719195,57141.05983504139
57,Dominican Republic,6110.36965247193,6238.13360822241,6608.8281018750795,6921.517228379499,7280.880109227621,7609.33879943715
58,Algeria,5592.257099163559,5499.58148704572,5493.025589962629,4177.8925154688895,3946.4439768983502,4044.2766003987604
59,East Asia & Pacific (excluding high income),5378.84238954118,5891.457765777281,6306.328414142779,6522.6743637441605,6612.24847115179,7173.39830759621
60,Early-demographic dividend,3362.38279072181,3373.30668044576,3444.08795085167,3297.40525634055,3328.5240551742895,3548.2880506688202
61,East Asia & Pacific,9420.497881653679,9466.23545167095,9703.28402570889,9598.278554973142,9857.98086489345,10467.702191610699
62,Europe & Central Asia (excluding high income),10189.2239751585,10729.4077397626,9897.827942074971,7461.21170155524,7043.481346738041,7863.6790493156
63,Europe & Central Asia,25068.3281202146,26071.852058212597,26301.0829908345,22551.6008910796,22371.682387291403,23597.42400545
64,Ecuador,5682.045006553531,6056.3308269681,6377.09153014217,6124.49164262072,6060.093329044151,6213.50127649921
65,"Egypt, Arab Rep.",3232.64889178794,3264.3787871527697,3378.83135785555,3598.9709482021003,3525.02016450058,2440.51017311107
66,Euro area,37598.0422605763,39102.9130889748,39857.2917635599,34381.5547912416,35142.3154719071,37095.120270331296
67,Eritrea,,,,,,
68,Spain,28324.4293363918,29059.5479522321,29461.550333738902,25732.0183647454,26505.3432155204,28170.434565980697
69,Estonia,17534.4215441923,19174.100729108002,20367.1026566799,17522.230186252,18237.2958432683,20388.209553033797
70,Ethiopia,467.077927241718,499.531572059907,566.926466461984,640.5418913136821,717.124592933285,768.5223075793859
71,European Union,33158.7914088519,34564.1125052742,35243.2073712896,30473.740256369903,31162.6963930937,33029.9879503522
72,Fragile and conflict affected situations,2457.00032221668,2523.04276278452,2710.81219285541,2341.68650863862,2049.2747303011397,2030.05691862279
73,Finland,47710.7902169415,49878.043244453605,50260.2998588958,42784.6983616432,43784.283962209796,46316.7454588326
74,Fiji,4591.55578402956,4840.69371615802,5605.57033080847,5390.7452371174495,5651.318066300661,6101.03084255946
75,France,40874.7035053457,42592.934094334196,43011.2631028417,36638.184929157,37037.3741861219,38812.161034168195
76,Faroe Islands,49459.7172338372,54853.6255967876,59440.0307606004,52404.6593331379,55822.9147203438,58622.840815806
77,"Micronesia, Fed. Sts.",3131.38671463839,2994.6793044200704,2971.45729017367,2906.37678497635,3014.7003583904198,3289.7011457127696
78,Gabon,9813.477702824399,9683.576290286741,9663.42923977641,7384.71587003183,6984.45101873395,7230.396392684259
79,United Kingdom,42462.771568145,43444.533001954,47425.6076805194,44974.8318771782,41064.1334316223,40361.4173832159
80,Georgia,4421.818242280129,4623.74572473419,4739.188338464211,4014.1859441932897,4062.1698875737898,4357.00093554628
81,Ghana,1587.5612371999698,2345.39290574885,1971.0333467541102,1743.8509964087,1931.38947036943,2025.9324238675101
82,Gibraltar,,,,,,
83,Guinea,717.050737885584,769.003943268326,787.23807021997,769.2560137460159,732.96657072192,856.565269750468
84,"Gambia, The",742.781137796627,700.514971960668,607.428404115004,649.5108294177929,683.997653898689,676.655924552125
85,Guinea-Bissau,616.411686249548,634.48244599306,622.481716725217,603.1585129424041,661.0076549061811,736.725566231783
86,Equatorial Guinea,21711.1532298542,20390.7193153023,19394.0299929972,11283.46560612,9250.33195308226,9667.912251730459
87,Greece,22242.681934771,21874.8195041667,21760.9797994918,18167.773716916203,18116.4596223336,18930.218585643303
88,Grenada,7444.5047675973,7789.776380799771,8369.88675513221,9096.870645954119,9628.347486620129,10152.8328118872
89,Greenland,45936.76595169889,47535.5899453685,50484.92757390231,44536.4013080999,48181.874188064,50321.3687543442
90,Guatemala,3408.78491640236,3522.7736977543395,3779.64232768084,3994.6369128847496,4173.30166619474,4451.45098990197
91,Guam,32494.5623640591,33265.3811866066,34394.0974809957,35278.9259389693,35562.8379083283,35615.8046274371
92,Guyana,3788.14674878178,3934.86526171904,4031.6006624567403,4166.12851559884,4542.62206666493,4586.05457171312
93,High income,41343.838833113,41628.4805545483,42293.5445119279,39730.9195530976,40332.2633871007,41971.2373450865
94,"Hong Kong SAR, China",36730.8767001128,38403.7777145477,40315.2855640552,42431.8882817277,43731.1068245299,46165.8565115953
95,Honduras,2144.3426111782,2102.59316626494,2206.05193412773,2302.20137936204,2342.5846511956797,2453.72789597457
96,Heavily indebted poor countries (HIPC),862.617916300708,937.580760789698,962.9292204666431,927.484595463214,897.493255355095,929.4107113423511
97,Croatia,13238.1019332831,13642.1936643621,13600.194390748,11782.8990799829,12360.4838164919,13412.3382902297
98,Haiti,769.7493809592489,815.8200152297861,831.873948899917,815.728284410317,735.301770321704,765.727294324274
99,Hungary,12918.247520538798,13687.246101281002,14246.109801446999,12651.568342300401,12992.375667515,14457.608763613998
100,IBRD only,5566.79598158951,5823.53208302828,5965.9131453474,5581.20551384289,5571.60102665915,6091.709776707819
101,IDA & IBRD total,4528.97227389441,4736.5284972460995,4851.42461790789,4537.97692824524,4503.14517758388,4885.47424281036
102,IDA total,1250.49823115765,1347.43393016658,1422.52551535685,1370.73525008276,1299.2676739132698,1312.7258884829303
103,IDA blend,1859.4382790254397,1977.51020180061,2105.04177801938,1957.86344151847,1771.73912815028,1714.46986572736
104,Indonesia,3694.348946032371,3623.91158235134,3491.6247908576697,3331.69512758628,3562.84575641971,3837.65173121117
105,IDA only,933.773107165521,1019.8662497666301,1066.5482404664199,1066.1569440534,1057.25582367529,1110.35579689092
106,Isle of Man,76104.68136722701,80431.6727965138,88974.2286497928,81606.2800333934,79155.54167209599,80989.17221145019
107,India,1443.87952939042,1449.6059123387,1573.88149211052,1605.6054335548802,1732.56426178428,1981.6510498992002
108,Not classified,,,,,,
109,Ireland,48917.8975571766,51590.1884453629,55492.982676212996,61995.422778992805,63197.0823744196,69822.3471789095
110,"Iran, Islamic Rep.",7927.84690171722,6018.324473324711,5585.526757583029,4904.32687747976,5253.42484259991,5520.310789323821
111,Iraq,6836.027313463101,7076.55460775667,6818.8046210291,4989.80307473071,4776.7264993933095,5205.28825481998
112,Iceland,45910.020554989904,49522.2365873909,54241.9346550193,52564.4291863302,61466.803966627594,71310.93925350861
113,Israel,32511.2378524925,36309.4688256886,37678.889774318195,35776.795171017206,37321.6240366845,40541.8620907084
114,Italy,35053.526244257206,35549.9746972954,35518.4152916749,30230.2263021296,30939.7142462298,32406.720315013397
115,Jamaica,5209.85193130013,4989.17139091154,4833.79031821405,4907.50371974316,4843.33847410864,5069.18383810726
116,Jordan,3877.3393446377795,3998.02747275799,4072.76547535039,4105.44896083238,4103.73359991068,4162.820686572561
117,Japan,48603.4766497749,40454.447457890295,38109.4121125573,34524.4698609337,38761.8181501925,38386.5111457057
118,Kazakhstan,12386.7000029472,13890.6317716835,12807.2606866152,10510.7718884148,7714.84184376024,9247.58133129626
119,Kenya,1136.87140571776,1210.3880140819501,1315.80453537238,1336.8833488560301,1410.5275680901098,1572.33549593781
120,Kyrgyz Republic,1177.9747348784801,1282.43716202467,1279.7697826598599,1121.0828351073899,1120.66651300848,1242.76964282023
121,Cambodia,950.880345993697,1013.4204006153999,1093.49619050796,1162.90491997151,1269.59125737542,1385.2599796333
122,Kiribati,1788.50542068887,1715.76533141614,1642.76259749601,1542.5752495838,1584.80744578963,1640.50010436018
123,St. Kitts and Nevis,16044.7054788266,16684.9530184254,18052.0359647472,18029.325538651203,18811.8733745852,19155.2894041125
124,"Korea, Rep.",25466.7605170594,27182.7343101935,29249.5752209742,28732.2310762599,29288.8704389833,31616.8434004683
125,Kuwait,51979.1051680637,49388.13741193809,44062.3170375209,29869.5293908248,27653.066767764903,29759.4364865575
126,Latin America & Caribbean (excluding high income),9825.14345387872,9936.31676664428,10062.2692262246,8461.077390774459,8142.770024038259,8990.52450414889
127,Lao PDR,1581.3954034942499,1825.6651133067603,1998.3352147169896,2134.7117956779603,2308.8004822007897,2423.8462031921
128,Lebanon,7950.69537825963,7931.080475845259,7686.256029964549,7644.548657182109,7629.8911171195205,7801.178658075551
129,Liberia,657.936256349955,721.9300554052479,721.182794835652,710.383857717515,714.623392230031,698.7017643551101
130,Libya,13025.281393441299,10363.789489455101,6466.9102701438405,4337.919139193479,4035.1943155046997,5756.69844996569
131,St. Lucia,9086.79946207544,9378.56236298604,9843.91581872176,10093.8997626748,10361.8141037985,11047.4449858109
132,Latin America & Caribbean,10186.9594620423,10326.1343581426,10417.3537399993,8870.63068044006,8577.358726484179,9432.971185206241
133,Least developed countries: UN classification,935.481980910771,997.2093155948779,1053.0286154984599,1014.38037293746,978.741307534202,1041.22827629761
134,Low income,790.496390692704,845.7405124195379,883.9699918565311,860.5686205853681,774.507273531087,779.608317856324
135,Liechtenstein,149010.224898665,173058.317372602,178845.631017897,167290.93998390698,165629.190482925,173356.051288416
136,Sri Lanka,3350.52187589289,3610.2893630489793,3819.25352972265,3843.7806718444203,3886.2915016523903,4077.0437212074703
137,Lower middle income,1775.6242548889602,1843.33214328832,1935.2398738514999,1886.7258935167001,1920.04768626716,2034.89358089237
138,Low & middle income,4393.63288988886,4593.9005886224295,4709.48356996712,4415.52291117125,4380.32809255942,4749.35641598002
139,Lesotho,1253.69620212555,1193.71325665948,1223.33303163915,1152.1398272487402,1043.56979182005,1150.07917252047
140,Late-demographic dividend,7978.58535550333,8548.159628787651,8818.86979587622,8218.384972349659,8187.21315976328,9031.340768891
141,Lithuania,14339.2878672896,15702.143059565,16548.406405238602,14249.1149666026,14999.4796391329,16882.639471199498
142,Luxembourg,106749.013622989,113625.13289956,118823.648368575,101376.496574339,104278.390971905,107627.151006695
143,Latvia,13850.6428153434,15041.1744584981,15740.326749071899,13698.9379476476,14153.4149226916,15586.58189392
144,"Macao SAR, China",76291.8474900231,89287.4540184115,93777.1067959425,75340.9869811152,74061.0860345658,81516.6749248075
145,St. Martin (French part),,,,,,
146,Morocco,2912.65827494029,3121.68117550498,3171.69919227376,2875.25798516781,2896.72000268117,3036.32525487301
147,Monaco,157515.899069445,177664.115616089,189422.21876884,166011.50913116,170028.655717864,167517.059727856
148,Moldova,3045.73987422417,3322.0384362615005,3328.80144892125,2732.45711293733,2880.43928129296,3509.69345025814
149,Madagascar,518.1529543021201,541.066199955123,530.861345678745,467.235399432808,475.95541718306504,515.29272487784
150,Maldives,7265.613655566691,7928.457365148241,8499.36576172668,9033.390412987199,9209.28862477108,9540.63434888323
151,Middle East & North Africa,8894.861578727121,8652.3475823771,8537.2588240188,7371.99833537827,7265.221145709151,7411.42312942984
152,Mexico,10241.7279153745,10725.1833166036,10922.3760488647,9605.95235103139,8739.756042809291,9278.41816833763
153,Marshall Islands,3224.33838179029,3296.6981629140505,3230.02326028787,3213.8372882536305,3473.7750064951897,3666.69537359193
154,Middle income,4770.00524510207,4991.390481286629,5121.33079419836,4804.48157801524,4778.7628225434,5193.16390044498
155,North Macedonia,4698.14129350594,5210.67583028154,5468.48086914212,4840.273122867829,5129.1589602370295,5430.87421029797
156,Mali,778.619285773713,805.032838043922,848.302757966684,751.478668644525,780.387870004561,830.557408816505
157,Malta,21916.4115923962,23837.279991256,26008.8277215807,24002.5232912389,25133.0456471795,27239.0701049375
158,Myanmar,1165.79432896131,1162.33144011893,1251.8207645081402,1287.43048657119,1266.5463381486802,1291.54241301307
159,Middle East & North Africa (excluding high income),5011.26830580966,4605.55067242475,4466.55648527284,3944.3492513892998,3928.7925876176396,3793.93201839617
160,Montenegro,6586.7212793222,7189.2932865373705,7388.14779373126,6517.1637516252795,7033.60489868635,7803.41113682269
161,Mongolia,4351.8869200565005,4366.07590145025,4158.52571473091,3918.5791738955395,3660.15074616061,3669.4175403988
162,Northern Mariana Islands,13827.7696967465,14274.240654205601,15278.9078745141,16690.5700968089,22246.7430768136,28305.222587603
163,Mozambique,657.6453378196679,664.0782118277671,673.969955508106,589.859028149831,428.926487995524,461.415094120589
164,Mauritania,1815.2194292114498,1892.09548717758,1677.10816613189,1524.0728825221202,1536.8541496433802,1578.1141735594902
165,Mauritius,9291.22761861899,9637.002650009581,10153.9382184867,9260.44730250635,9681.618566896741,10484.9083620411
166,Malawi,391.561832360636,348.43026964057196,371.26974962571296,380.59703314093804,315.777326372575,356.71757315336896
167,Malaysia,10817.4428742856,10970.1232849014,11319.0797572756,9955.24212653611,9817.740860962142,10254.2340242588
168,North America,51723.2256622493,53077.242077692805,54637.832590531696,55502.6914987937,56364.855162767,58467.973813898796
169,Namibia,5942.273787511171,5377.7273269301095,5435.171911251629,4869.37840629792,4523.0912697799895,5303.30913333229
170,New Caledonia,,,,,,
171,Niger,526.35096555995,548.892954823143,562.121844645643,483.339282202639,494.718713458115,516.8882471809491
172,Nigeria,2746.99178858383,2998.0728426411797,3222.6935372558696,2730.4303237015,2175.99967021858,1968.5595883054398
173,Nicaragua,1760.4543865498601,1811.6391933352802,1934.0695083466396,2049.84968976149,2107.56717992428,2159.1630793598397
174,Netherlands,50073.0056559308,52184.0618504931,52830.1742328055,45175.2318933798,46007.852920654695,48675.222335021295
175,Norway,101524.141851985,102913.450843674,97019.18275274619,74355.5158575643,70459.1825041029,75496.7540581998
176,Nepal,698.4664794160859,715.923743046061,743.413381296219,792.552890593381,777.147595512165,911.444266521258
177,Nauru,9429.63337725871,9101.91698033437,8829.35671886048,6956.253800553929,7670.11640425255,8510.86840824456
178,New Zealand,39982.7543013783,42962.988214980294,44553.28221083849,38615.995184909305,40105.6133867135,42849.426324701
179,OECD members,37184.8134999025,37447.5045647114,37980.4861126146,35605.239193283596,36030.9131925758,37370.0489908713
180,Oman,21902.5813563661,20926.5540495711,20131.9167222582,16028.7513645532,14618.8753761098,15130.943744394199
181,Other small states,15211.576977308401,15541.8964812381,15741.339788796799,12793.9310514073,12385.063691733001,13404.4097361322
182,Pakistan,1198.10900052752,1208.90431029644,1251.16410422834,1356.66775582649,1368.45432627629,1464.99330546855
183,Panama,10722.2836326295,11889.127627438502,12796.0700430496,13630.307973794499,14343.9636291397,15150.345612161002
184,Peru,6528.97221785312,6756.75276926556,6672.8802554854,6229.101696125961,6204.99726003927,6710.508028960379
185,Philippines,2694.3054729789396,2871.4309017841497,2959.6484521205102,3001.04037106857,3073.6536149695803,3123.2342294495097
186,Palau,11967.307256235801,12688.1972054981,13794.7917848633,15871.842626662901,16932.3328631876,16078.2681940701
187,Papua New Guinea,2790.6766691473604,2729.89190578265,2920.7837208020196,2679.34558781427,2509.6314572831,2695.2518833116
188,Poland,13145.539262786499,13781.0626053813,14347.9145754456,12572.426604556102,12431.8158916231,13861.3093648235
189,Pre-demographic dividend,1678.43249469713,1791.2654899700399,1856.52600548538,1589.45339244249,1398.9694147308098,1414.80084279035
190,Puerto Rico,27944.733893742403,28513.1657351067,28981.457330586603,29763.4883013861,30627.1634017011,31108.752750891203
191,"Korea, Dem. Peopleâ€™s Rep.",,,,,,
192,Portugal,20564.8898617969,21647.0418118869,22074.3007634216,19242.3664710981,19978.401214968002,21490.429863104
193,Paraguay,5183.08287691315,5926.83286284344,6102.943232723261,5406.703857083379,5319.41021789703,5680.58076826353
194,West Bank and Gaza,2834.02152463393,3060.3123893102,3046.8217984481703,2967.8517465197497,3074.29115236515,3254.48588658763
195,Pacific island small states,3568.8029603692207,3654.8266031520398,3919.67305283497,3776.19942145241,3899.58062674065,4132.18527007284
196,Post-demographic dividend,42149.353818075695,42388.8578810151,43064.3204187252,40584.2609627683,41289.5814414088,42879.591169801
197,French Polynesia,,,,,,
198,Qatar,85076.1479273998,85050.9109716822,83858.52837987231,63039.0165548075,57163.0609918357,61264.3964777979
199,Romania,8535.0468756267,9555.2442173314,10026.973578179399,8977.43738227167,9567.12934484744,10807.7953907179
200,Russian Federation,15420.874541327299,15974.644627051699,14095.648742954,9313.01362484996,8704.898413295941,10720.3325853448
201,Rwanda,728.6972971253709,726.180156859823,747.000511564279,754.906789007641,748.504418148739,772.3184717754281
202,South Asia,1364.41640319999,1381.8566265977402,1494.42076537038,1541.8036858143803,1651.08946256258,1866.88606656608
203,Saudi Arabia,25243.358698402404,24844.7443709487,24463.903163850096,20627.9327820675,19879.2975304177,20803.7425657324
204,Sudan,1457.89458202637,1557.2283100384197,1709.99960541964,1909.73875450207,1299.26119456743,1111.86844893858
205,Senegal,1329.98137880303,1376.0698157719198,1396.6582253392498,1219.24866243037,1269.9021081051599,1361.69958778497
206,Singapore,55546.4885386921,56967.4257940383,57562.5307937678,55646.618746950495,56828.2953471601,60913.74533349401
207,Solomon Islands,1913.2320125637302,1977.4514045231897,1996.7811843899499,1914.46792975705,1986.4162362744198,2059.0454237007602
208,Sierra Leone,566.378656937493,716.835304734774,714.7007123886959,588.2284527028489,501.41571285783203,499.38070781976
209,El Salvador,3428.38473639383,3509.5314926261603,3589.0421926289705,3705.57794598177,3805.9936662847294,3910.25719295906
210,San Marino,49985.349570180995,51572.5681707239,50806.534378386605,42650.3172583365,43842.3855205602,45394.2010273704
211,Somalia,,,,,,
212,Serbia,6015.94522756969,6755.07351070594,6600.0566499116,5585.1178082606,5756.3811935104395,6284.19280376523
213,Sub-Saharan Africa (excluding high income),1770.1596372002,1838.05574353651,1873.4918169151397,1662.58802761865,1492.8511189833898,1548.8015400679
214,South Sudan,1179.7398277289599,1779.4693342398002,1322.8202385055001,1119.6513326782301,,
215,Sub-Saharan Africa,1781.4331360474698,1849.6936095036103,1885.47256318323,1673.44929052822,1504.23840871572,1560.8873467414999
216,Small states,13484.666856008402,13774.492183126102,13965.96172728,11707.518481859599,11311.732900456398,12135.837789601599
217,Sao Tome and Principe,1340.5277021067698,1577.0182783171201,1782.7980593625198,1595.8646322225102,1710.1308978390302,1811.0128258881
218,Suriname,9201.008785300559,9402.23313695562,9472.00759951427,8561.974178551422,5539.06887190094,5626.7958159031705
219,Slovak Republic,17460.0468093549,18236.9807888867,18670.9301711227,16309.073235591999,16505.9750465561,17554.3083210444
220,Slovenia,22643.1002515007,23496.6023059673,24214.9220717273,20881.7667686947,21622.580683576,23500.7522308704
221,Sweden,58037.821319217306,61126.9431963979,60020.360457657196,51545.483609532195,51965.157153198496,53791.5087298403
222,Eswatini,4527.66898764161,4230.3440556779,4038.5572283991796,3689.51870561216,3447.695698505,3953.0889682413203
223,Sint Maarten (Dutch part),,,,,,
224,Seychelles,12006.68296237,14765.6739800428,14700.3343006837,14745.3414415607,15068.620324642,15906.0839204787
225,Syrian Arab Republic,,,,,,
226,Turks and Caicos Islands,21009.885809898402,21328.979010106203,23296.336905199503,24832.5963703066,25995.1724609535,25933.607436346498
227,Chad,967.352797482929,979.8124096381559,1020.28820350586,776.0195323080369,693.449386475774,665.94835269506
228,East Asia & Pacific (IDA & IBRD countries),5436.16037805804,5954.10667877778,6373.23857685174,6591.70467144063,6682.04869854955,7248.93113112798
229,Europe & Central Asia (IDA & IBRD countries),10396.818359533001,10964.1524092472,10314.4807744761,7997.067602601241,7651.578313325259,8538.356942856579
230,Togo,571.8067239441671,621.398853574683,640.934219628827,570.910279013434,597.471088804109,626.0915278911099
231,Thailand,5860.58250725599,6168.26298501219,5951.88370233604,5840.04652294326,5994.23147547156,6592.91490169864
232,Tajikistan,969.2964731442889,1048.22729256115,1104.1716894137599,929.0958572237461,802.5180040528239,806.041573098044
233,Turkmenistan,6675.18565772239,7304.287132309821,7962.239098406791,6432.68070195019,6389.548408334879,6587.09031628698
234,Latin America & the Caribbean (IDA & IBRD countries),10111.758071889699,10247.2140185891,10334.4306676485,8728.070160065641,8417.027467290842,9288.19957715145
235,Timor-Leste,1013.05045122024,1210.03329624593,1232.45683164031,1334.6619555193,1358.20169150129,1294.71553448905
236,Middle East & North Africa (IDA & IBRD countries),5036.72083221306,4623.47967975874,4483.0610397424,3955.55505989437,3938.53331081404,3799.78729071694
237,Tonga,4597.74230534531,4428.56648134984,4393.9408110033,4320.63799011384,3966.15652021899,4217.47650679527
238,South Asia (IDA & IBRD),1364.41640319999,1381.8566265977402,1494.42076537038,1541.8036858143803,1651.08946256258,1866.88606656608
239,Sub-Saharan Africa (IDA & IBRD countries),1781.4331360474698,1849.6936095036103,1885.47256318323,1673.44929052822,1504.23840871572,1560.88734674149
240,Trinidad and Tobago,19157.417036671202,20143.6644489582,20270.8593716518,18289.704340369,16176.9473700573,16238.1931916674
241,Tunisia,4152.6785870758295,4222.70324540611,4305.47416504834,3861.68853113497,3697.9308312606395,3481.22873876516
242,Turkey,11707.2597121001,12519.391425881899,12095.854571813501,10948.7246069027,10820.6338422108,10513.6484324378
243,Tuvalu,3507.94065504737,3454.8286921824897,3398.7064833763106,3197.77225194394,3255.92869342584,3572.4935789483293
244,Tanzania,867.867680563228,970.4169384250459,1030.0929174765301,947.933446487903,966.474622354379,1004.8411206644099
245,Uganda,783.7179210182879,803.509373918698,876.3543004615809,840.4015714557671,730.6250404962469,747.196907377979
246,Ukraine,3855.4177285673204,4029.7112516254497,3104.6432060954103,2124.6623187838,2187.73050991433,2640.67567655839
247,Upper middle income,7678.096345040401,8070.062902720009,8258.43775067411,7695.503938932359,7629.406855618659,8364.77042485029
248,Uruguay,15171.584663418798,16973.6742130217,16831.9729440778,15613.7642726429,15387.1440299446,17322.1473891166
249,United States,51610.6052783379,53117.6678308301,55047.725560454404,56822.5188202456,57927.5168515062,59957.72585130321
250,Uzbekistan,2137.0251221179997,2281.41097296841,2492.33664277468,2615.0251344870003,2567.79920656883,1826.56691924216
251,St. Vincent and the Grenadines,6390.31063156115,6639.607145950239,6684.80736732912,6920.8780738080395,7075.065820349441,7212.96018080962
252,"Venezuela, RB",12985.505325106498,12456.7124535391,16054.490513096202,,,
253,British Virgin Islands,,,,,,
254,Virgin Islands (U.S.),37849.7287205036,34819.1477546185,33573.0970301435,34797.14046978,35931.5412519766,35938.0243875154
255,Vietnam,1735.14127643805,1886.6718963367102,2030.26195473318,2085.10148409879,2192.2145386656603,2365.62166567374
256,Vanuatu,3133.0902092034803,3124.23307756588,3088.2583026550396,2801.93984778858,2889.8530362340302,3082.35632289041
257,World,10605.208321960401,10781.855305371899,10952.3444187853,10246.5073623909,10281.9087997747,10817.4819474952
258,Samoa,4022.1991196481395,4037.5093146798104,3937.7587117641797,4073.6660098064203,4109.16513496372,4258.48626965259
259,Kosovo,3596.8046546578103,3891.2663634386604,4080.33071724595,3603.02550073134,3780.0036886723296,4045.6142088075703
260,"Yemen, Rep.",1446.53635351496,1607.1523649890398,1673.14635369478,1395.4396331747698,1033.73304347934,882.3957585109661
261,South Africa,7501.4699839525,6832.456890967011,6433.187276628941,5734.633629153311,5272.91842475419,6132.4798409721
262,Zambia,1763.07273337195,1878.90700132351,1763.05729765435,1337.7961101408698,1280.5788983473199,1534.86537052245
263,Zimbabwe,1304.96980167411,1430.0008179557199,1434.89934002278,1445.07106198798,1464.5835290394598,1548.1700557255201
