,CPI_2017,CPI_abs_growth,other_eco_indices,recycling_%_waste,plastic_%_waste,hazardous_waste_norm,e_waste_norm,total_municipal_solid_waste_norm,national_agency_solid_waste_management,national_law_solid_waste_management,SDI_2017,SDI_abs_growth,CO2_capita_2017,CO2_capita_growth,gini_index_2017,gini_growth,moderate_poverty_%_$5.50_2017,moderate_pov_growth,extreme_poverty_%_$1.90_2017,extreme_pov_growth,gdp_per_capita_2017,gdp_capita_growth,hdi_2017,2013-2018_hdi_rank_change,2010-2018_hdi_annual_growth,gender_eq_2017,gender_abs_growth,homicide_rate_2017,homicide_growth
0,36.0,1.0,31.666666666666668,0.06,0.146,0.006999999999999999,0.006999999999999999,0.41700000000000004,1.0,1.0,0.757,-0.040999999999999925,4.1419999999999995,-0.011337414163024584,41.2,-0.0009680560263038984,9.8,-0.013703810340970568,0.8,-0.061704874021946354,14591.863000000001,0.022075342707571277,0.8320000000000001,-2.0,0.18,4.1,-0.15000000000000036,5.21,-0.03855975548044954
1,33.0,-1.0,28.0,0.121,0.102,0.051,0.003,0.207,1.0,1.0,0.745,0.03200000000000003,1.9809999999999999,0.03252935279750724,44.0,-0.01141651277747946,24.6,-0.02555929984651062,5.8,-0.06461889033839407,3351.1240000000003,0.05126924309700298,0.7,3.0,0.88,4.0,0.0,6.218,-0.1197533625610464
2,40.0,-3.0,35.666666666666664,0.013999999999999999,0.135,0.021,0.006999999999999999,0.38799999999999996,1.0,1.0,0.758,0.010000000000000009,2.043,-0.014967014345793617,53.3,-0.0007487840672220081,20.2,-0.008680194888783577,4.4,0.03526180275714541,9925.386,-0.043080570539826724,0.76,-3.0,0.59,4.1,-0.15000000000000036,30.831,0.029791698308320402
3,82.0,-2.0,80.33333333333333,0.20600000000000002,0.03,0.021,0.02,0.706,1.0,1.0,0.18600000000000003,-0.02699999999999997,14.992,-0.008160797684396703,33.3,-0.0029762432809401496,0.7,0.0,0.2,-0.1674467925981269,45148.553,-0.03037842917873379,0.9209999999999999,2.0,0.38,4.1,-0.15000000000000036,1.797,0.027507561833779004
4,66.0,-6.0,66.33333333333333,0.004,0.094,0.015,0.01,0.387,0.0,1.0,0.7240000000000001,-0.03299999999999992,4.648,0.006761525750596853,44.4,-0.006189688796944148,3.6,-0.11416728965524281,0.3,-0.05591248870509802,14999.37,-0.0046309063448671806,0.845,2.0,0.71,4.1,-0.15000000000000036,4.218,0.11081574071319067
5,37.0,1.0,40.0,0.172,0.128,0.006,0.005,0.262,1.0,0.0,0.7829999999999999,0.0129999999999999,1.535,-0.00937230101644515,49.7,-0.011653668288560959,28.1,-0.04020729443455451,4.0,-0.0868462890526146,6377.851,-0.04550189191871301,0.76,2.0,0.54,4.1,-0.15000000000000036,25.02,-0.06852223612451103
6,58.0,4.0,51.666666666666664,0.013000000000000001,0.11,0.021,0.008,0.307,1.0,1.0,0.8420000000000001,0.020000000000000018,1.546,0.013884845449625649,48.3,-0.0012376275561128969,10.0,-0.04667878942197823,1.1,-0.08338121623946426,11814.627,0.03571708834359133,0.792,-2.0,0.64,4.1,-0.15000000000000036,12.182,0.07008866241108525
7,31.0,-1.0,30.0,0.08199999999999999,0.1,0.021,0.005,0.386,1.0,0.0,0.797,0.04100000000000015,1.99,-0.005340495299861359,42.2,-0.01752319709487271,15.9,-0.12386852715496977,0.7,-0.23082539281564207,7609.339,0.04485466185335163,0.741,10.0,0.76,4.1,-0.15000000000000036,11.567,-0.12720442973674995
8,31.0,-1.0,29.0,0.129,0.114,0.012,0.005,0.32799999999999996,1.0,0.0,0.77,0.006000000000000005,2.063,-0.022701629450078475,44.7,-0.006148907292220063,23.3,-0.03260320230822211,3.2,-0.06591264509773154,6213.501,0.018043512573986398,0.757,-8.0,0.71,4.1,-0.15000000000000036,5.791,-0.14162422340610736
9,36.0,-2.0,31.666666666666668,0.094,0.1,0.003,0.005,0.267,1.0,1.0,0.736,0.015000000000000013,0.899,-0.02340198808269578,38.0,-0.018881504273735694,29.5,-0.05671053507961854,1.9,-0.14670173593792024,3910.257,0.026651729665725377,0.665,-5.0,0.14,4.1,-0.15000000000000036,61.708,0.08213898146596765
10,28.0,-5.0,29.666666666666668,0.094,0.17300000000000001,0.001,0.003,0.17,0.0,0.0,0.6990000000000001,0.039000000000000035,0.9279999999999999,-0.001074116335865516,48.3,0.0,49.1,0.0,8.8,0.0,4451.451,0.05482495900286555,0.649,2.0,0.98,4.1,-0.15000000000000036,26.072,-0.05035321837079587
11,20.0,1.0,19.0,0.094,0.127,0.021,0.001,0.213,0.0,0.0,0.537,0.019000000000000017,0.3,0.0,41.1,0.0,78.6,0.0,24.5,0.0,765.727,-0.0010472069619607005,0.501,-1.0,0.92,2.5,-0.5,9.482999999999999,-0.012077450478249485
12,30.0,2.0,29.666666666666668,0.094,0.14400000000000002,0.0,0.0,0.237,0.0,1.0,0.6729999999999999,0.029999999999999916,1.0170000000000001,-0.009552849894139404,50.5,-0.02081285487808393,53.6,-0.014974688829412663,17.6,-0.026214458262203477,2453.728,0.027321631620156328,0.621,0.0,0.51,3.5,-0.5,40.98,-0.13164835186421187
13,30.0,-4.0,29.0,0.05,0.109,0.0,0.008,0.42200000000000004,1.0,1.0,0.7809999999999999,0.0050000000000000044,3.615,-0.0025257007425397715,46.3,-0.010056505553686201,25.4,-0.04274128964486068,2.2,-0.10354639745865135,9278.418,-0.019561991234864462,0.765,2.0,0.47,4.1,-0.15000000000000036,25.709,0.030323647277691546
14,26.0,-3.0,24.666666666666668,0.094,0.11900000000000001,0.0,0.002,0.266,1.0,1.0,0.708,0.025999999999999912,0.821,-0.0024184080085422055,46.2,0.0,35.4,0.0,3.4,0.0,2159.163,0.04167477996207758,0.653,0.0,0.74,4.0,0.0,7.186,-0.0857296005429874
15,38.0,0.0,40.666666666666664,0.094,0.12,0.021,0.001,0.371,1.0,1.0,0.804,0.0030000000000001137,2.345,-0.016235804749391014,49.9,-0.007062299674330141,14.1,-0.056913644204320435,2.5,-0.09420226495658801,15150.346000000001,0.07158604440546701,0.7929999999999999,0.0,0.6,4.1,-0.15000000000000036,9.667,-0.10564107400411171
16,30.0,5.0,25.666666666666668,0.094,0.11900000000000001,0.021,0.005,0.27399999999999997,1.0,1.0,0.7390000000000001,0.020000000000000018,1.124,0.04992452528347946,48.8,0.004991928689783931,17.5,-0.0481730306420608,1.0,-0.2075534037694433,5680.581,0.01849973108339964,0.722,2.0,0.56,4.1,-0.15000000000000036,7.877999999999999,-0.04860964973944337
17,35.0,-3.0,35.666666666666664,0.04,0.105,0.021,0.006,0.27,1.0,1.0,0.784,0.006000000000000005,1.545,-0.005099054853588747,43.3,-0.005004800925508257,24.2,-0.020932538934216982,3.4,-0.06664354376687665,6710.508000000001,0.005500100796782981,0.7559999999999999,4.0,0.65,4.1,-0.15000000000000036,7.909,0.03466354680898576
18,74.0,1.0,70.66666666666667,0.34600000000000003,0.129,0.09,0.008,0.81,1.0,1.0,0.184,-0.014000000000000012,14.606,-0.009732530596947009,41.1,0.001957920037970018,1.7,0.0,1.0,0.0,59957.725999999995,0.03043651612000553,0.919,-3.0,0.12,4.1,-0.15000000000000036,5.317,0.023629380066375605
19,71.0,-1.0,67.66666666666667,0.08,0.11,0.021,0.011000000000000001,0.36700000000000005,1.0,1.0,0.507,-0.09299999999999997,1.699,-0.017627277280493403,39.5,-0.00201310138562516,2.9,-0.12015319425868487,0.1,-0.12944943670387588,17322.147,0.02686689525880248,0.807,-1.0,0.54,4.1,-0.15000000000000036,8.264,0.008998816034197832
20,79.0,-6.0,79.66666666666667,0.42100000000000004,0.076,0.294,0.024,0.561,1.0,1.0,0.14300000000000002,-0.022999999999999993,15.632,-0.000829558924113849,34.4,0.0,0.7,0.0,0.5,0.0,54066.471,-0.044857199587786334,0.937,0.0,0.17,3.25,-0.03600000000000003,0.826,-0.04884141378810736
21,26.0,0.0,29.666666666666668,0.19899999999999998,0.047,0.001,0.001,0.095,1.0,1.0,0.6579999999999999,0.04799999999999993,0.475,0.015425783255808456,32.4,0.0,84.3,0.0,14.5,0.0,1563.914,0.121089034610939,0.609,5.0,1.4,3.0,-0.5,2.222,-0.0399200717707916
22,65.0,2.0,58.98499999999999,0.009000000000000001,0.13,0.048,0.002,0.162,1.0,1.0,0.643,0.020000000000000018,4.255,0.0027487263746939217,37.4,-0.007322963918369951,38.9,-0.025663044815782743,1.5,-0.07373828108439318,3286.575,0.05297489447347514,0.615,0.0,0.98,4.0,0.0,1.744,-0.17999625939588504
23,40.0,1.0,44.0,0.19899999999999998,0.098,0.025,0.005,0.153,1.0,1.0,0.496,-0.10199999999999998,6.678,0.0012324563223917728,38.5,-0.018185016234759654,24.0,-0.11576916761008793,0.5,-0.4012971444585023,8879.438,0.07047377996149096,0.753,7.0,0.95,3.25,-0.03600000000000003,0.562,-0.07164145035916203
24,37.0,5.0,41.333333333333336,0.07,0.14,0.08800000000000001,0.005,0.25,1.0,1.0,0.7390000000000001,0.012000000000000122,1.88,0.011218994093603829,38.1,-0.008193628839813782,55.8,-0.048109050876116166,4.5,-0.13881237266310953,3837.652,0.007640312650039949,0.7040000000000001,0.0,0.74,3.25,-0.03600000000000003,0.435,-0.0578537405956715
25,72.0,-2.0,75.0,0.049,0.11,0.027999999999999997,0.004,0.34600000000000003,0.0,1.0,0.287,-0.038000000000000034,8.937999999999999,-0.003410781121592321,32.9,0.0,1.2,0.0,0.7,0.0,38386.511,-0.04610129264088536,0.9129999999999999,0.0,0.42,3.25,-0.03600000000000003,0.24,-0.06396313156527056
26,49.0,0.0,52.0,0.175,0.15,0.09699999999999999,0.009000000000000001,0.429,1.0,1.0,0.449,-0.13699999999999996,6.6739999999999995,-0.014372393016915619,41.0,-0.0014570241606571832,2.7,-0.07559825939014653,0.0,0.0,10254.234,-0.010636870185908087,0.802,-1.0,0.49,3.25,-0.03600000000000003,2.128,0.005444968060354327
27,38.0,2.0,39.0,0.19899999999999998,0.145,0.048,0.005,0.958,1.0,1.0,0.7340000000000001,-0.0009999999999998899,6.267,0.017368694961674924,32.3,-0.009037627357367906,30.6,0.05421869336945995,0.5,0.04563955259127317,3669.4179999999997,-0.0335399303332633,0.7290000000000001,-1.0,0.66,4.0,0.0,6.1339999999999995,-0.02731424686231665
28,28.0,13.0,23.0,0.19899999999999998,0.121,0.048,0.001,0.10099999999999999,1.0,1.0,0.625,0.03400000000000003,0.57,0.09871479219500001,30.7,-0.042270907556313575,54.3,-0.026173411379170175,1.4,-0.2184129416295345,1291.542,0.020698187499286202,0.5770000000000001,2.0,1.39,3.0,-0.28600000000000003,2.258,-0.0416357597537641
29,32.0,5.0,31.666666666666668,0.08,0.09,0.008,0.002,0.159,1.0,0.0,0.602,0.025999999999999912,0.9309999999999999,0.031828032795894856,33.5,0.0176098130122595,75.6,-0.010258580043277954,4.0,-0.0839194542993893,1464.993,0.04104102362170958,0.5579999999999999,-1.0,0.85,2.5,0.0,3.9610000000000003,-0.11733312766640525
30,35.0,1.0,34.666666666666664,0.28,0.106,0.042,0.003,0.142,1.0,1.0,0.754,0.02400000000000002,1.206,0.033866142618416806,44.4,-0.009199987381264041,54.9,-0.017281562122121508,6.0,-0.10417416670380442,3123.2340000000004,0.029986549546361596,0.7090000000000001,3.0,0.73,3.25,-0.03600000000000003,8.392000000000001,-0.0077979960538658855
31,53.0,-3.0,48.666666666666664,0.58,0.243,0.048,0.011000000000000001,0.359,1.0,1.0,0.258,-0.063,11.663,0.004413494925457728,31.6,0.0,1.2,0.0,0.2,0.0,31616.842999999997,0.04421266899353449,0.904,0.0,0.33,3.25,-0.03600000000000003,0.589,-0.07483519365912228
32,36.0,-4.0,38.666666666666664,0.128,0.07,0.048,0.0,0.124,1.0,1.0,0.831,0.016000000000000014,1.077,0.029784974886768234,39.8,0.003042652598229223,41.7,-0.04355573735087659,0.9,-0.1558791201558899,4077.0440000000003,0.04003171958265028,0.7759999999999999,2.0,0.49,4.0,0.0,2.3,-0.06920594260097501
33,35.0,-2.0,30.333333333333332,0.191,0.17600000000000002,0.05,0.006,0.391,1.0,1.0,0.71,-0.017000000000000015,3.5380000000000003,-0.004186583009792133,36.5,-0.014673727614130327,7.6,-0.10855210304312157,0.0,-1.0,6592.915,0.02382877444355258,0.762,12.0,0.74,3.25,-0.03600000000000003,2.582,-0.12022876193287357
34,35.0,2.0,43.624,0.19899999999999998,0.165,0.048,0.003,0.05,1.0,1.0,0.569,-0.0040000000000000036,4.255,0.0027487263746939217,28.7,0.0,91.8,0.0,22.0,0.0,1294.7160000000001,0.050288781901890456,0.624,-2.0,0.13,3.5,0.0,4.096,0.0
35,39.0,6.0,43.0,0.213,0.096,0.002,0.006999999999999999,0.397,1.0,1.0,0.809,-0.0039999999999998925,1.511,0.026155737789478772,33.2,0.027420003812631988,33.8,-0.004091311994542157,1.3,0.10197228772148015,4531.021,0.013001011733332346,0.789,-5.0,0.84,4.1,-0.15000000000000036,2.011,-0.1788984031922436
36,33.0,-1.0,37.0,0.213,0.114,0.021,0.005,0.17,0.0,1.0,0.802,0.009000000000000119,1.7630000000000001,0.01806956612204047,33.6,0.02567439351051015,41.5,-0.029891760585068372,0.9,0.0,3914.5009999999997,0.012329513074013754,0.758,3.0,0.52,4.5,0.0,2.377,0.010683216913614846
37,75.0,6.0,73.33333333333333,0.257,0.111,0.147,0.019,0.56,1.0,1.0,0.24,-0.041000000000000036,7.376,0.004562885394715277,29.7,-0.005301823021995999,0.7,-0.06885008490516231,0.3,-0.12944943670387588,47549.079000000005,-0.004230262771365401,0.912,0.0,0.26,4.1,-0.15000000000000036,0.794,-0.030917038829720966
38,40.0,9.0,45.455666666666666,0.16,0.12,0.141,0.008,0.451,1.0,1.0,0.484,-0.041000000000000036,5.687,0.005070058975201519,25.4,-0.008443265511558828,0.8,-0.07789208851827223,0.0,0.0,5761.746999999999,-0.036532758818340505,0.815,0.0,0.39,4.1,-0.15000000000000036,2.54,-0.06789400130932188
39,77.0,2.0,77.33333333333333,0.34299999999999997,0.139,0.261,0.054000000000000006,0.418,1.0,1.0,0.39399999999999996,-0.12800000000000006,7.962999999999999,-0.007224876615735121,27.4,-0.0007283328924427845,0.3,-0.05591248870509802,0.1,-0.12944943670387588,44288.508,-0.0017278372903583028,0.917,-1.0,0.22,4.1,-0.15000000000000036,1.69,-0.017822550382293856
40,41.0,0.0,38.0,0.19,0.122,1.7,0.006999999999999999,0.419,1.0,1.0,0.737,-0.026000000000000023,6.051,-0.0012840816770077756,40.4,0.023330157291459486,7.9,-0.0739513127810163,1.4,-0.08643159600651418,8331.058,0.024173819266110952,0.813,6.0,0.58,4.1,-0.15000000000000036,1.45,-0.05490004258025594
41,49.0,3.0,45.333333333333336,0.163,0.22899999999999998,0.031,0.013999999999999999,0.39299999999999996,1.0,1.0,0.659,-0.08699999999999997,3.925,0.012424529683668029,30.4,-0.013270654183729635,3.6,-0.11944047821175208,0.5,-0.08971789848695988,13412.338,0.002618591104220691,0.835,-1.0,0.41,4.1,-0.15000000000000036,1.1,-0.015108491139049995
42,55.0,-11.0,54.333333333333336,0.133,0.14800000000000002,0.149,0.016,0.466,1.0,1.0,0.319,-0.01899999999999996,7.4479999999999995,0.013441703003457262,31.4,-0.01751233718763301,0.1,0.0,0.0,0.0,26338.694,-0.018471874729556026,0.871,2.0,0.34,4.1,-0.15000000000000036,0.593,-0.21088520836766078
43,55.0,6.0,51.666666666666664,0.255,0.022000000000000002,0.11,0.008,0.316,1.0,1.0,0.35,-0.062000000000000055,9.602,0.003621604912949161,24.9,-0.00936933386150951,0.4,-0.07789208851827223,0.0,0.0,20379.896,0.006504088915413986,0.888,1.0,0.41,4.1,-0.15000000000000036,0.62,-0.08971789848695988
44,90.0,0.0,87.0,0.273,0.016,0.302,0.03,0.789,1.0,1.0,0.363,-0.019000000000000017,5.421,-0.0072903016904722895,28.7,0.006392566203291317,0.2,0.0,0.1,0.0,57141.06,-0.004715276080461628,0.929,-6.0,0.27,4.1,-0.15000000000000036,1.239,0.08134794077942575
45,70.0,6.0,71.33333333333333,0.247,0.18600000000000003,7.914,0.026000000000000002,0.36,1.0,1.0,0.19899999999999998,-0.060000000000000026,12.137,0.010191457970790907,30.4,-0.015681750441141173,1.0,-0.2216294584488292,0.3,-0.1558791201558899,20388.21,0.030617538413311163,0.879,-1.0,0.54,4.1,-0.15000000000000036,2.198,-0.14322674459251883
46,89.0,-1.0,89.0,0.281,0.013999999999999999,0.365,0.039,0.5,1.0,1.0,0.22699999999999998,-0.007000000000000006,7.734,0.00010347146995837164,27.4,0.0022042829691664156,0.1,-0.12944943670387588,0.1,0.0,46316.745,-0.005913251298364841,0.924,-2.0,0.3,4.1,-0.15000000000000036,1.252,-0.050816472463924955
47,69.0,-2.0,72.0,0.223,0.09,0.162,0.033,0.501,1.0,1.0,0.505,-0.08299999999999996,4.565,0.0028723407425161884,31.6,-0.009232350073845597,0.1,-0.1972584382397693,0.0,-1.0,38812.161,-0.010302118321424802,0.89,-1.0,0.27,4.1,-0.15000000000000036,1.271,0.006089217974991845
48,57.0,5.0,58.43166666666667,0.213,0.03,0.5660000000000001,0.006,0.215,0.0,1.0,0.805,0.016000000000000014,2.346,0.0079437408626446,37.9,-0.005705766736491813,43.0,-0.04768807596968305,5.0,-0.10068835772242513,4357.001,-0.0029490324538226087,0.7829999999999999,5.0,0.91,4.5,0.0,0.971,-0.18351798241409578
49,81.0,2.0,78.33333333333333,0.478,0.13,0.267,0.03,0.625,1.0,1.0,0.37200000000000005,-0.10299999999999992,8.696,-0.005363392355873908,31.9,0.0050925613553616245,0.5,0.20112443398143132,0.0,0.0,44349.59,0.0022300919795492646,0.938,0.0,0.25,4.1,-0.15000000000000036,0.9840000000000001,0.03866175053347409
50,44.0,8.0,43.333333333333336,0.19,0.14,0.02,0.017,0.503,1.0,1.0,0.318,0.0020000000000000018,5.877999999999999,-0.0029341843525898526,34.4,-0.010694636718431405,4.7,-0.056913644204320435,0.9,-0.09711954855256577,18930.218999999997,-0.031736196260018223,0.871,-1.0,0.22,4.1,-0.15000000000000036,0.8140000000000001,-0.11972019857373728
51,48.0,-7.0,50.666666666666664,0.259,0.13,0.061,0.005,0.377,1.0,1.0,0.7090000000000001,-0.07399999999999984,4.678,0.015159103340620428,30.6,-0.0013020877513958418,3.0,-0.06946961300879406,0.6,0.1486983549970351,14457.608999999999,0.02277139119952576,0.841,-1.0,0.28,4.1,-0.15000000000000036,2.487,0.14622031532238688
52,78.0,-4.0,84.33333333333333,0.5579999999999999,0.09,0.021,0.023,1.587,1.0,1.0,0.223,-0.03,6.336,0.003831529904027242,26.8,0.0,0.1,-0.12944943670387588,0.0,0.0,71310.939,0.0920681288429197,0.935,3.0,0.64,4.1,-0.15000000000000036,0.897,0.2391697797177863
53,73.0,4.0,76.66666666666667,0.33,0.124,0.105,0.046,0.5870000000000001,1.0,1.0,0.40399999999999997,-0.066,7.439,-0.002322750423142894,32.8,-0.0024213359320204297,0.7,-0.04902060720441037,0.1,-0.12944943670387588,69822.34700000001,0.07375532640499527,0.9390000000000001,13.0,0.71,4.1,-0.15000000000000036,0.863,-0.052148418132148766
54,47.0,5.0,49.0,0.259,0.11599999999999999,0.147,0.046,0.486,1.0,1.0,0.484,-0.07300000000000006,5.31,-0.004386134037936307,35.9,0.003946007645565075,3.1,0.013427626511878232,1.4,0.03131030647754507,32406.72,-0.015579444831994915,0.8809999999999999,-1.0,0.17,4.1,-0.15000000000000036,0.611,-0.0714194388962398
55,29.0,1.0,34.333333333333336,0.028999999999999998,0.25,0.5660000000000001,0.009000000000000001,0.278,1.0,1.0,0.39399999999999996,-0.09300000000000008,14.179,0.002415315494468162,27.5,-0.005014579459794888,6.6,-0.011699126742268362,0.0,0.0,9247.581,-0.05677673355991597,0.813,9.0,0.84,4.1,-0.15000000000000036,5.061,-0.07707610565137746
56,28.0,4.0,35.098333333333336,0.213,0.11599999999999999,0.8009999999999999,0.001,0.187,1.0,1.0,0.718,0.02200000000000002,1.4369999999999998,-0.028556767499151148,27.3,-0.0007309949335509991,60.5,-0.009632614444789134,1.1,-0.1514244089491117,1242.77,0.01076672783208954,0.6709999999999999,-1.0,0.73,4.5,0.0,4.136,-0.09358566181819128
57,57.0,8.0,52.333333333333336,0.212,0.077,0.053,0.013000000000000001,0.433,1.0,1.0,0.513,-0.1479999999999999,3.4410000000000003,-0.0012738157281075857,35.6,0.0022624665744881423,3.4,-0.14404794396818454,0.8,-0.043647500209963,15586.582,0.0238968116594509,0.8490000000000001,4.0,0.56,4.1,-0.15000000000000036,4.152,0.0418161114407829
58,59.0,5.0,57.666666666666664,0.22899999999999998,0.102,0.057,0.027999999999999997,0.44799999999999995,1.0,1.0,0.276,-0.09600000000000003,3.8310000000000004,0.010725592155022223,37.3,0.012232653529579363,3.8,-0.07128131891971301,1.0,0.021295687600135116,16882.639,0.03319560312325809,0.866,5.0,0.67,4.1,-0.15000000000000036,4.534,-0.07326769217471352
59,81.0,1.0,84.33333333333333,0.284,0.18,0.41600000000000004,0.013000000000000001,0.625,1.0,1.0,0.484,-0.041000000000000036,14.458,-0.013490832206095482,34.9,0.0034743165018535915,0.7,0.18466445254224406,0.3,0.0,107627.151,0.0016398497011711477,0.9079999999999999,2.0,0.22,4.1,-0.15000000000000036,0.33799999999999997,0.0
60,37.0,-6.0,49.43166666666667,0.002,0.139,0.02,0.001,0.38299999999999995,1.0,1.0,0.7040000000000001,-0.013000000000000012,3.572,0.008087306840614428,34.2,-0.02136616675266434,19.5,-0.08971789848695988,4.6,-0.07789208851827223,5430.874,0.029410837352945585,0.758,2.0,0.41,4.1,-0.15000000000000036,1.489,0.012692294012166094
61,55.0,-2.0,57.0,0.067,0.12,0.085,0.018000000000000002,0.623,1.0,1.0,0.758,0.456,3.261,-0.025206740871821953,29.2,-0.001364261562015967,0.3,-0.05591248870509802,0.2,0.1486983549970351,27239.07,0.04444256809755931,0.883,2.0,0.55,4.1,-0.15000000000000036,2.055,-0.06298636391059775
62,30.0,-6.0,29.666666666666668,0.153,0.1,0.0,0.002,1.12,1.0,1.0,0.741,0.0050000000000000044,2.12,-0.0011282465746331738,25.9,-0.023699790450106284,15.8,-0.08020897185716203,0.1,-0.1972584382397693,3509.6929999999998,0.028762820616681006,0.7090000000000001,-3.0,0.56,4.5,-0.5,3.4730000000000003,-0.09174217066306456
63,45.0,4.0,48.76500000000001,0.054000000000000006,0.184,0.006,0.01,0.534,1.0,1.0,0.484,-0.041000000000000036,3.5469999999999997,-0.013217404848869796,39.0,-0.010915312938572397,19.3,-0.039429906348359633,1.4,-0.16260604064943718,7803.411,0.03448224858209725,0.813,1.0,0.36,4.1,-0.15000000000000036,2.39,-0.025249139910609064
64,83.0,-1.0,83.33333333333333,0.24600000000000002,0.14,0.285,0.032,0.523,1.0,1.0,0.27699999999999997,-0.062,9.081,-0.005160838495733566,28.5,0.006438300233088334,0.4,0.1486983549970351,0.2,0.1486983549970351,48675.222,-0.005646388563079308,0.932,-3.0,0.31,4.1,-0.15000000000000036,0.775,-0.02150729541844032
65,85.0,0.0,85.33333333333333,0.262,0.022000000000000002,0.28600000000000003,0.028999999999999998,0.42200000000000004,1.0,1.0,0.196,-0.021999999999999992,6.587000000000001,-0.009643268953730466,27.0,0.009918035733129882,0.5,0.20112443398143132,0.3,0.2457309396155174,75496.754,-0.057520765338993085,0.953,0.0,0.16,4.1,-0.15000000000000036,0.529,-0.0037384224441590064
66,62.0,4.0,57.666666666666664,0.264,0.121,0.044000000000000004,0.006,0.28600000000000003,1.0,1.0,0.385,-0.11099999999999999,7.96,0.016018261549273882,29.7,-0.0208516376390232,1.3,-0.14225723363184883,0.3,0.08447177119769855,13861.309,0.010660213916389605,0.868,2.0,0.54,4.1,-0.15000000000000036,0.7559999999999999,-0.06711608794573332
67,62.0,-1.0,61.666666666666664,0.162,0.107,0.067,0.016,0.45299999999999996,1.0,1.0,0.574,-0.10000000000000009,4.928,0.01693999372889965,33.8,-0.01253243389158687,1.8,-0.16369640106700045,0.4,-0.10588703934201882,21490.43,0.008843366952868692,0.848,1.0,0.42,4.1,-0.15000000000000036,0.7390000000000001,-0.0860715423325008
68,48.0,4.0,45.666666666666664,0.057,0.12300000000000001,0.03,0.006999999999999999,0.247,1.0,1.0,0.6970000000000001,-0.05599999999999994,3.614,0.00585691599289917,36.0,-0.002754862808357905,12.8,-0.14057206785308918,3.1,-0.11154643700534739,10807.795,0.04834984736711179,0.813,2.0,0.29,4.1,-0.15000000000000036,1.297,0.043555950163192136
69,29.0,1.0,32.0,0.045,0.142,0.768,0.01,0.419,1.0,1.0,0.684,-0.03799999999999992,10.636,-0.0002442736908172538,37.2,-0.01782312155749244,3.8,-0.024419685997750573,0.0,0.0,10720.333,-0.07013510583900096,0.8220000000000001,3.0,0.69,4.1,-0.15000000000000036,9.134,-0.041378238020404856
70,42.0,3.0,39.333333333333336,0.008,0.127,1.899,0.002,0.259,1.0,1.0,0.262,-0.268,6.569,0.009489426052990968,36.2,-0.019275251163202944,19.3,-0.026730739222087796,5.4,0.00374542323524385,6284.193,0.00876296968599255,0.794,4.0,0.6,4.1,-0.15000000000000036,1.065,-0.030281675598297753
71,51.0,5.0,47.666666666666664,0.076,0.11,0.069,0.006,0.32899999999999996,1.0,1.0,0.214,-0.04600000000000001,5.9239999999999995,0.017529594556213723,25.2,-0.006993693462086226,3.2,0.034563715943573214,1.3,0.34080129120845726,17554.308,0.0010774095089789437,0.8540000000000001,1.0,0.42,4.1,-0.15000000000000036,1.4680000000000002,0.04768148306603592
72,61.0,0.0,62.333333333333336,0.46399999999999997,0.11599999999999999,0.075,0.013000000000000001,0.449,1.0,1.0,0.37799999999999995,-0.1140000000000001,6.4910000000000005,0.008987933998609199,24.2,-0.011184922055384239,0.1,-0.12944943670387588,0.0,0.0,23500.752,0.007463161776137817,0.899,0.0,0.29,4.1,-0.15000000000000036,0.915,0.06116382445678448
73,58.0,-7.0,56.0,0.168,0.09,0.064,0.026000000000000002,0.434,1.0,1.0,0.395,-0.137,5.446000000000001,0.004541580602084316,34.7,-0.003986459526845287,2.2,-0.0662895973411548,0.7,-0.04902060720441037,28170.435,-0.0010897306342699808,0.8909999999999999,1.0,0.4,4.1,-0.15000000000000036,0.6579999999999999,-0.03170145350219611
74,88.0,0.0,87.33333333333333,0.324,0.066,0.262,0.07400000000000001,0.447,1.0,1.0,0.326,-0.011999999999999955,3.7430000000000003,-0.0023346145379649075,28.8,0.008548252303932413,0.5,-0.11091046386780001,0.2,-0.1674467925981269,53791.509000000005,-0.01508097662482788,0.935,-4.0,0.42,4.1,-0.15000000000000036,1.141,0.09859905955834436
75,86.0,0.0,82.66666666666667,0.32,0.15,0.14300000000000002,0.022000000000000002,0.723,1.0,1.0,0.253,-0.030999999999999972,4.394,-0.005065480910303344,32.7,0.006867062345281338,0.1,0.0,0.0,0.0,80449.995,-0.007505404742790933,0.943,0.0,0.18,4.1,-0.15000000000000036,0.532,-0.010911702837406612
76,41.0,-8.0,45.666666666666664,0.213,0.03,0.044000000000000004,0.008,0.4,1.0,1.0,0.654,-0.02100000000000002,4.7139999999999995,0.029410209882583027,41.4,0.005900114555019931,8.7,-0.06691151867647505,0.1,0.0,10513.648000000001,-0.02127736177450057,0.805,5.0,1.03,4.1,-0.15000000000000036,3.0860000000000003,-0.06454253416239664
77,29.0,3.0,28.333333333333332,0.032,0.07,9.955,0.006,0.33899999999999997,1.0,1.0,0.732,-0.0040000000000000036,3.821,-0.016573042073309008,26.0,0.01031145931793609,4.6,0.062321039666164646,0.0,0.0,2640.676,-0.07289541360907459,0.747,-5.0,0.29,4.1,-0.15000000000000036,6.184,0.03771518687751674
78,81.0,7.0,78.66666666666667,0.272,0.20199999999999999,0.08800000000000001,0.055,0.485,1.0,1.0,0.391,-0.010000000000000009,5.432,-0.02141666072233539,34.8,0.015021740331687461,0.5,-0.03580749599737276,0.2,0.0,40361.417,-0.010099342695970681,0.919,-3.0,0.21,4.1,-0.15000000000000036,1.238,0.05217961218315592
79,34.0,2.0,32.0,0.125,0.13,0.004,0.006,0.239,1.0,0.0,0.753,0.03200000000000003,2.145,0.0015926631229976618,31.5,0.021656314698381918,72.6,0.014073865708777111,3.8,0.20431048521198436,2440.51,-0.05466789391782689,0.696,-2.0,0.62,2.25,-0.25,2.5540000000000003,0.0
80,29.0,1.0,30.666666666666668,0.05,0.085,0.1,0.008,0.223,1.0,1.0,0.6,-0.05599999999999994,6.987,0.0004299227728234989,40.8,0.017554577175587616,12.9,0.05436481112522373,0.3,0.2457309396155174,5520.311,-0.06983143797968183,0.799,-3.0,0.68,2.25,-0.25,2.499,-0.012632068096903315
81,17.0,-1.0,25.266666666666666,0.096,0.053,0.001,0.006,0.364,0.0,0.0,0.7,0.0040000000000000036,3.655,0.0018709204754641107,29.5,0.0,52.4,0.0,1.7,0.0,5205.288,-0.053047491615793585,0.684,-1.0,0.68,2.25,-0.25,10.07,0.03552986355950227
82,64.0,4.0,62.0,0.25,0.18,0.038,0.013999999999999999,0.644,1.0,1.0,0.395,-0.03700000000000003,7.322,-0.008232998417108228,39.0,-0.011394753147963232,2.7,-0.09711954855256566,0.2,-0.1674467925981269,40541.862,0.04513895842591875,0.904,-1.0,0.27,2.25,-0.25,1.492,-0.023572006274813262
83,37.0,0.0,39.0,0.08,0.08,0.008,0.001,0.2,0.0,1.0,0.718,0.03299999999999992,1.6269999999999998,0.004485043612010298,39.5,0.0,30.2,0.0,0.9,0.0,3036.325,0.008351044285396458,0.675,2.0,1.14,2.25,-0.25,2.1390000000000002,0.13175301751139035
84,41.0,0.0,41.666666666666664,0.04,0.11,0.013000000000000001,0.008,0.242,1.0,1.0,0.7759999999999999,0.006999999999999895,2.2680000000000002,-0.00035236090498946826,32.8,0.0,17.5,0.0,0.2,0.0,3481.2290000000003,-0.034658790490696534,0.738,3.0,0.39,2.25,-0.25,3.0610000000000004,0.0
85,14.0,-9.0,12.333333333333334,0.08,0.1,0.001,0.002,0.175,1.0,1.0,0.47200000000000003,-0.0709999999999999,0.316,-0.061055683968445074,36.7,0.0,81.0,0.0,18.3,0.0,882.3960000000001,-0.09412795661997697,0.46299999999999997,-18.0,-0.94,1.5,-0.5,6.772,0.005067270017425463
86,36.0,0.0,28.218666666666667,0.25,0.073,0.012,0.001,0.124,1.0,1.0,0.5529999999999999,0.025999999999999912,0.605,0.039693206829761074,47.8,0.0,90.6,0.0,49.6,0.0,1136.593,-0.0014973942620984948,0.515,0.0,1.19,3.5,0.0,1.127,0.0
87,42.0,4.0,40.06466666666667,0.12,0.09,0.0,0.001,0.142,0.0,1.0,0.46,0.03500000000000003,1.002,0.0008003211528733178,35.3,0.0,92.3,0.0,43.8,0.0,738.2739999999999,-0.0052600523195416304,0.429,3.0,1.84,3.5,0.0,1.25,0.12489013595405751
88,20.0,1.0,25.552000000000003,0.091,0.035,0.012,0.001,0.278,1.0,1.0,0.444,0.0040000000000000036,1.002,0.0008003211528733178,38.6,0.0,96.9,0.0,72.8,0.0,292.998,0.03031298110123748,0.42100000000000004,-3.0,0.65,4.0,0.0,6.055,0.022858345467444918
89,59.0,-1.0,46.21866666666667,0.091,0.085,0.006999999999999999,0.005,0.258,1.0,1.0,0.6990000000000001,0.017000000000000015,1.002,0.0008003211528733178,42.4,0.0,41.3,0.0,3.4,0.0,3292.6459999999997,-0.009150833012485426,0.647,-1.0,0.48,4.0,-0.5,7.07,-0.08600340180155264
90,26.0,0.0,29.333333333333332,0.004,0.033,0.0,0.001,0.151,1.0,1.0,0.6,0.03299999999999992,0.256,-0.0030960346765314117,46.6,0.0,71.1,0.0,26.0,0.0,1425.108,0.010208001265391342,0.56,3.0,2.26,3.0,0.0,1.3880000000000001,-0.19461061072534735
91,34.0,1.0,34.333333333333336,0.091,0.023,0.012,0.0,0.065,1.0,1.0,0.5,0.03700000000000003,0.124,0.041885663884656976,35.0,0.0,90.7,0.0,32.6,0.0,768.5219999999999,0.10472295546431298,0.466,3.0,1.66,3.0,0.0,8.792,0.0
92,43.0,-2.0,38.0,0.091,0.04,0.012,0.002,0.16399999999999998,1.0,1.0,0.648,0.03400000000000003,0.478,-0.01326303202309298,43.5,0.005135657683508876,56.3,-0.01198976814780317,13.0,0.02305050153955368,2025.932,0.049974830646767776,0.591,-3.0,0.91,4.0,0.0,2.0909999999999997,-0.00591924349567341
93,26.0,-1.0,25.333333333333332,0.08,0.187,0.012,0.0,0.135,1.0,1.0,0.637,0.03500000000000003,0.327,0.00943563415841786,40.8,0.0,86.6,0.0,37.1,0.0,1572.335,0.06700579642149584,0.574,0.0,1.04,3.5,0.0,4.91,-0.01716497466716671
94,39.0,-6.0,36.552,0.091,0.085,0.012,0.001,0.037000000000000005,1.0,1.0,0.545,0.012000000000000122,1.002,0.0008003211528733178,44.9,0.0,73.7,0.0,27.8,0.0,1150.079,-0.01710508862980309,0.514,2.0,1.46,4.0,0.0,43.565,0.06490127966817294
95,37.0,-4.0,40.0,0.091,0.085,0.012,0.002,0.161,1.0,1.0,0.467,0.014000000000000068,1.002,0.0008003211528733178,35.3,0.012342161128913176,93.2,-0.0019202189959539595,44.4,0.012626720408974723,698.702,0.012095903997572544,0.466,-4.0,0.67,3.0,0.0,3.264,0.0
96,31.0,-6.0,31.0,0.091,0.085,0.012,0.001,0.078,1.0,1.0,0.51,0.020000000000000018,1.002,0.0008003211528733178,44.7,0.0,96.8,0.0,70.8,0.0,356.718,-0.018467018721856632,0.48200000000000004,0.0,1.32,3.5,0.0,1.8119999999999998,0.0
97,54.0,-3.0,47.552,0.091,0.124,0.013000000000000001,0.009000000000000001,0.34700000000000003,1.0,1.0,0.583,-0.08100000000000007,3.306,0.010292159412303548,36.8,-0.00899141252326996,12.7,-0.06633702269708108,0.2,-0.1972584382397693,10484.908000000001,0.024467773252189184,0.7929999999999999,1.0,0.79,3.128,-0.06399999999999961,2.61,0.031600318880469214
98,52.0,4.0,52.666666666666664,0.045,0.085,0.012,0.009000000000000001,0.165,1.0,1.0,0.682,0.03600000000000014,1.5930000000000002,0.00037707401369391214,59.1,0.0,51.0,0.0,13.8,0.0,5303.309,-0.022495305529812493,0.643,-3.0,1.17,3.128,-0.06399999999999961,17.678,0.0
99,35.0,2.0,30.064666666666668,0.04,0.02,0.063,0.001,0.21100000000000002,1.0,1.0,0.37799999999999995,0.015999999999999903,0.095,-0.006198824930274127,34.3,0.0,93.6,0.0,45.4,0.0,516.888,-0.0036218400497428638,0.373,-1.0,2.09,2.5,0.0,4.428,0.0
100,54.0,1.0,55.21866666666667,0.091,0.085,0.012,0.0,0.368,1.0,1.0,0.552,0.013000000000000012,1.002,0.0008003211528733178,43.7,-0.006286982580474665,91.9,-0.001516471451473933,56.5,-0.004883386591480576,772.318,0.011695539103402375,0.529,2.0,1.19,4.5,0.5,2.577,0.012066217447601613
101,45.0,2.0,45.666666666666664,0.28,0.071,0.025,0.006,0.35700000000000004,1.0,1.0,0.691,0.03799999999999992,7.435,-0.0034607512139567254,63.0,0.0,56.9,0.0,18.7,0.0,6132.48,-0.03949870940153055,0.7040000000000001,0.0,0.78,3.128,-0.06399999999999961,35.704,0.030747969869706404
102,32.0,-3.0,27.0,0.091,0.085,0.012,0.001,0.18899999999999997,1.0,1.0,0.597,0.050999999999999934,0.177,-0.018174500300073615,40.5,0.0,91.8,0.0,49.4,0.0,1004.841,0.029742729576311522,0.522,2.0,1.03,3.0,-0.5,6.483,-0.05706596821308729
103,25.0,-4.0,24.333333333333332,0.06,0.076,0.012,0.001,0.201,1.0,1.0,0.5539999999999999,0.02499999999999991,1.002,0.0008003211528733178,42.8,0.008630234767404321,87.7,0.0016040412448161678,41.5,0.030566393483982823,747.197,-0.009498677806927813,0.522,2.0,0.97,3.0,-0.5,11.502,-0.004511410653921799
104,38.0,1.0,35.333333333333336,0.091,0.085,0.006,0.001,0.183,1.0,1.0,0.634,0.02200000000000002,0.35100000000000003,0.10197228772148015,57.1,0.0,88.1,0.0,58.7,0.0,1534.865,-0.027342415493034733,0.589,0.0,1.35,3.0,0.0,5.372000000000001,-0.025671724295636578
105,22.0,2.0,22.333333333333332,0.16,0.23,0.003,0.001,0.11599999999999999,1.0,1.0,0.575,0.030999999999999917,0.588,-0.047249683587433755,44.3,0.0,81.3,0.0,33.9,0.0,1548.17,0.03476951102041426,0.5529999999999999,4.0,2.22,4.0,1.0,7.48,0.0
